{"MasterVolume":0.33310502767562868,"EffectsVolume":0.8683515191078186,"MusicVolume":1.0,"MusicToggel":true}