{"MasterVolume":0.27616390585899355,"EffectsVolume":0.8683515191078186,"MusicVolume":1.0,"MusicToggel":false}